slider,method,measure,n,rho,rho_ci,consistent,range,range_in_std,clap_rho,clap_range,muq_rho,muq_rho_ci,muq_ordered,clap_keep_at_ends,chroma_sim_at_ends,rhythm_sim_at_ends,clap_prompt_at_ends,ce_at_ends,pq_at_ends,clap_prompt_at_zero,ce_at_zero,pq_at_zero,usable_lo,usable_hi,usable_range_in_std,usable_range_ci,usable_clap_range,usable_clap_keep,selectivity,monotone_share,kad_real_lo,kad_real_zero,kad_real_hi
density,Descriptor slider,onset_rate,72,0.6330344253926704,0.08222629059228961,0.9027777777777778,1.1236111111111104,0.6958970499527746,-0.0847222222222222,-0.008734293139746607,0.24027777777777773,0.11537430391329628,0.7222222222222222,0.8730306592252519,0.8741602537532648,0.6030196108431245,0.4031282745094763,7.0653822090890674,8.065062897072899,0.42600020621385837,6.951201664076911,8.193909459643894,-1.0,1.0,0.695897049952775,0.14763143432201756,-0.008734293139746607,0.8730306592252519,4.72727289394589,0.4166666666666667,169.27956774227226,172.25316815317026,150.8257622338627
energy,Descriptor slider,flux,72,0.8333333333333331,0.050547549624911994,0.9861111111111112,0.02412782299021879,1.0632983717060984,0.06388888888888888,0.009802185852701466,0.16249999999999998,0.12462861103525107,0.6805555555555556,0.854850959032774,0.8558600693941116,0.552589781691118,0.40135559739751947,7.089624365170796,8.065403203169504,0.42600020621385837,6.951201664076911,8.193909459643894,-1.0,1.0,1.0632983717060986,0.13619465589044955,0.009802185852701466,0.854850959032774,3.813106392070223,0.75,166.58652277506624,172.25316815317026,154.04167759996622
tempo,Descriptor slider,beat_bpm,72,0.0624115239165706,0.13205307303530042,0.38235294117647056,4.469067640549653,0.07763998976300043,0.19444444444444442,0.00934679084457457,0.1486111111111111,0.10049814350277711,0.7777777777777778,0.8682891676823298,0.8848298572831683,0.6404185044996766,0.3975444130289058,7.035557832982805,8.076407796806759,0.42600020621385837,6.951201664076911,8.193909459643894,-1.0,1.0,0.10742599898665525,0.1776337767248952,0.00934679084457457,0.8682891676823298,0.8128630381921873,0.04838709677419355,165.80462412024644,172.25316815317026,160.1251810493116
mood,Descriptor slider,majorness,72,-0.033333333333333305,0.11974291710653746,0.4583333333333333,-0.017094644273471127,-0.09676486855997699,0.548611111111111,0.05548388494126913,0.3861111111111111,0.0815336423123942,0.7638888888888888,0.8455056945482889,0.8434719971070687,0.5236699497435092,0.40100056636664605,7.15222461687194,8.063167615069283,0.42600020621385837,6.951201664076911,8.193909459643894,-1.0,1.0,-0.0967648685599768,0.21508364829077833,0.05548388494126913,0.8455056945482889,-0.20187269078825326,0.013888888888888888,152.61639509643632,172.25316815317026,158.55478493510122
electronic,Descriptor slider,,72,,,,,,0.3083333333333333,0.03608627542335954,0.23333333333333334,0.09989866540140956,0.7222222222222222,0.8722045065628158,0.8726202290919092,0.6363665202111142,0.40368899997944635,7.067329910066393,8.063628981510798,0.42600020621385837,6.951201664076911,8.193909459643894,-1.0,1.0,,,0.03608627542335954,0.8722045065628158,,,182.24895729853284,172.25316815317026,144.37385533860493
harmony,Descriptor slider,harmonic_change,72,0.7152777777777778,0.06483217738233796,0.9861111111111112,0.04075060288111368,1.2504229582323163,0.1694444444444444,0.019023598727977112,-0.06805555555555556,0.11745078307885182,0.4444444444444444,0.8776085772034194,0.8783235959708691,0.6252489731477058,0.4052426791232493,7.087525731987423,8.059430973397362,0.42600020621385837,6.951201664076911,8.193909459643894,-1.0,1.0,1.2504229582323163,0.17538227926829675,0.019023598727977112,0.8776085772034194,6.610158257678628,0.375,149.24010773109032,172.25316815317026,167.16738893015724
ensemble,Descriptor slider,pc,72,0.6013888888888889,0.0804375291535678,0.9444444444444444,0.779749671618144,0.6593436799581476,-0.11388888888888887,-0.02344043938339585,0.03333333333333333,0.12222747463461542,0.5277777777777778,0.8621185537841585,0.8681077249348164,0.58012309467622,0.3976695768328177,7.121552114685376,8.100262456470066,0.42600020621385837,6.951201664076911,8.193909459643894,-1.0,1.0,0.6593436799581472,0.1309592503813838,-0.02344043938339585,0.8621185537841585,2.4477913085474805,0.2777777777777778,179.17760555511353,172.25316815317026,156.22957088730226
quality,Descriptor slider,ce,72,0.5263888888888888,0.09190541938308384,0.8611111111111112,0.38459600342644595,0.6203916527240784,,,,,,0.863321347369088,0.8627257748610444,0.5917110148371372,0.40194960564581883,7.072971555921766,8.060120850801468,0.42600020621385837,6.951201664076911,8.193909459643894,-1.0,1.0,0.6203916527240781,0.15839815907590468,,0.863321347369088,3.6635871460154705,0.2222222222222222,157.62341913984358,172.25316815317026,155.38334929603215
arousal,Descriptor slider,flux,72,0.3930555555555555,0.10230151696748209,0.8333333333333334,0.008395567329393477,0.36998750672665026,0.5930555555555554,0.09373669649681282,0.7694444444444444,0.052821426642056656,0.9861111111111112,0.839426812198427,0.8594832859105535,0.5290667408583948,0.39422591568695176,7.126273115475972,8.055058472686344,0.42600020621385837,6.951201664076911,8.193909459643894,-1.0,1.0,0.3699875067266509,0.11231961300951655,0.09373669649681282,0.839426812198427,0.7164290533948748,0.1388888888888889,142.11368564037286,172.25316815317026,188.11708332087073
valence,Descriptor slider,majorness,72,0.15833333333333333,0.12196589353679363,0.6527777777777778,0.043609829412133906,0.24685505843119196,0.23333333333333328,0.0350632562379663,0.4680555555555555,0.0979866861935213,0.875,0.8736696831054158,0.8710686241587003,0.6206049511841535,0.40475696278735995,7.074470450480779,8.061926927831438,0.42600020621385837,6.951201664076911,8.193909459643894,-1.0,1.0,0.24685505843119213,0.20126159635635277,0.0350632562379663,0.8736696831054158,1.9064172107857429,0.1111111111111111,172.50082527891018,172.25316815317026,143.88410614885183
jazz_electronic,Descriptor slider,,72,,,,,,0.5694444444444444,0.0532230099682541,0.47777777777777763,0.09639354505221967,0.8333333333333334,0.8673420167631574,0.8726907951964272,0.6220529475642294,0.3998771268977887,7.086389925744799,8.088579813639322,0.42600020621385837,6.951201664076911,8.193909459643894,-1.0,1.0,,,0.0532230099682541,0.8673420167631574,,,173.03270204359512,172.25316815317026,159.32056137174078
strings_synth,Descriptor slider,,72,,,,,,0.0013888888888888963,0.0014247073817791056,0.25277777777777777,0.10503050620426718,0.7083333333333334,0.8670575879514217,0.8694813222520881,0.5926469201856059,0.39898443941233885,7.087297207779354,8.078359302547243,0.42600020621385837,6.951201664076911,8.193909459643894,-1.0,1.0,,,0.0014247073817791056,0.8670575879514217,,,159.6581274957718,172.25316815317026,155.57893455310133
piano_axis,Descriptor slider,,72,,,,,,0.22361111111111112,0.021090910052104547,0.5624999999999999,0.07901844785694945,0.9305555555555556,0.8654359889527162,0.8704415795703729,0.6095861047010936,0.3964231328831779,7.0798815588156385,8.078972647587458,0.42600020621385837,6.951201664076911,8.193909459643894,-1.0,1.0,,,0.021090910052104547,0.8654359889527162,,,160.79105298401976,172.25316815317026,165.13069933065228
classical_funk,Descriptor slider,,72,,,,,,,,,,,0.8515076380636957,0.8653386106921567,0.600913460379307,0.39000234809807605,7.1240392824014025,8.072731468412611,0.42600020621385837,6.951201664076911,8.193909459643894,-1.0,1.0,,,,0.8515076380636957,,,155.6735682297814,172.25316815317026,171.59234204505492
acoustic_electronic,Descriptor slider,,72,,,,,,,,,,,0.8646593745797873,0.8650027672863669,0.6021490682800242,0.39849712829002076,7.112696131070455,8.079760134220123,0.42600020621385837,6.951201664076911,8.193909459643894,-1.0,1.0,,,,0.8646593745797873,,,150.81545365255144,172.25316815317026,173.61030320394156
