method,slider,centroid_oct,rolloff_oct,bass_ratio,flatness,flux,rms_db,onset_rate,pulse_bpm,percussive_ratio,decay_s,side_ratio,majorness
lora,brightness,0.6706,0.4971,-0.1423,0.0933,0.1669,-0.2353,-0.0620,-0.0867,0.0793,-0.1157,0.5579,0.0458
lora,density,0.4717,0.3912,-0.1418,0.2439,0.2181,0.7462,-0.0144,0.0072,0.0175,-0.0591,0.0265,-0.0043
lora,reverb,-0.4134,-0.4273,-0.0463,-0.3366,-0.5343,-0.7806,0.4834,0.0069,-0.2013,0.2766,0.6336,0.0068
lora,energy,0.5235,0.4532,0.1438,0.6980,0.2796,0.9771,0.0322,-0.0050,0.1540,-0.0473,0.2062,0.0073
lora,tempo,0.5146,0.3990,-0.1027,0.4841,0.3072,0.5731,0.0617,0.0051,0.1307,-0.1750,-0.2655,-0.0493
lora,percussion,-0.2028,-0.0324,0.3834,0.1915,0.0245,0.4974,-0.0111,0.0253,-0.0376,0.0447,0.2870,0.0174
lora,distortion,0.3429,0.2926,-0.0043,0.2801,0.1555,0.2014,0.2187,0.0476,0.0964,0.0937,0.2707,-0.0210
lora,lofi,-0.0718,-0.1459,-0.1320,-0.0174,0.1389,0.4960,0.1309,-0.0370,0.0217,0.0221,-0.1979,-0.0136
lora,bass,-0.6678,-0.3881,0.7763,0.0550,-0.0502,0.6977,0.0744,0.0598,-0.1536,0.0530,0.1950,0.0158
lora,width,0.0267,0.0486,-0.0600,0.0914,-0.1068,-0.4622,-0.0225,-0.0096,-0.0627,0.1707,1.9397,-0.0498
lora,mood,0.3168,0.2964,0.1193,0.3386,0.1587,0.0759,0.0369,-0.0736,0.1632,-0.1064,0.0716,-0.0595
lora,electronic,0.1338,0.1893,0.3598,0.2107,0.1708,0.0618,0.1016,-0.0223,0.1111,-0.0762,0.0898,-0.1315
lora,harmony,0.0857,0.0473,0.0494,-0.1066,-0.0214,-0.1127,-0.0737,-0.0628,0.0836,-0.1965,0.1160,0.0313
lora,groove,0.0094,0.1297,0.3114,0.0080,0.0887,0.0616,0.1148,0.0668,-0.0056,-0.1270,0.4446,0.0337
lora,articulation,0.0015,0.0755,0.0858,-0.0154,-0.0050,0.1494,0.1492,-0.0057,-0.0940,0.1959,-0.1781,0.0097
lora,ensemble,0.0850,0.1297,0.1109,0.0124,0.1391,0.5193,0.2185,-0.0155,-0.1010,0.1255,0.4739,0.1087
lora,tension,0.1895,0.1490,0.0183,0.2568,-0.0733,0.0049,0.0858,-0.0011,0.1209,0.0418,0.0043,-0.0147
lora,vintage,0.2688,0.1652,-0.1892,0.0281,0.1814,0.6749,-0.0560,0.0786,0.1627,-0.0094,-0.6778,-0.0475
lora,melody,0.0708,0.0752,0.0072,0.1333,-0.0342,-0.0077,0.0287,-0.0396,-0.1176,-0.0990,0.5801,0.0055
lora,dynamics,0.0669,0.0177,-0.1627,-0.0352,-0.1116,-0.3326,0.0315,-0.0423,-0.0394,0.0562,0.0709,0.1252
dsp,brightness,0.7561,0.5162,-0.3282,0.1569,0.1725,-0.3031,-0.0377,-0.0234,0.2890,-0.0164,0.1032,-0.0113
dsp,reverb,0.0028,-0.0011,-0.0070,0.0496,-0.0573,-0.1136,-0.0002,-0.0242,-0.0780,0.0413,0.1467,0.0114
dsp,distortion,0.0270,0.0269,0.0470,0.0455,0.0548,-0.0032,0.0088,-0.0242,-0.0073,0.0836,0.0143,0.0028
