slider,method,measure,n,rho,rho_ci,consistent,range,range_in_std,clap_rho,clap_range,clap_keep_at_ends,chroma_sim_at_ends,rhythm_sim_at_ends,clap_prompt_at_ends,ce_at_ends,pq_at_ends,clap_prompt_at_zero,ce_at_zero,pq_at_zero,usable_lo,usable_hi,usable_range_in_std,usable_range_ci,usable_clap_range,usable_clap_keep,kad_at_ends,kad_at_zero,kad_real_lo,kad_real_zero,kad_real_hi
brightness,LoRA slider,centroid_oct,72,0.8402777777777778,0.07243572481055029,0.9583333333333334,2.279411671798351,2.0067121577349725,0.6354166666666667,0.13553035111787418,0.763310773919026,0.7670070247517692,0.5313221117741525,0.3042954794461063,5.422209425104989,7.442011270258162,0.3803275669407513,6.044720047050053,7.678915242354075,-1.0,1.5,1.7384267980573167,0.27373924053474313,0.11923325972424613,0.8201658100717597,5.978570067474376,-4.791665362744668,128.86249800596116,106.64502330651882,114.8278224426802
brightness,Signal processing,centroid_oct,72,1.0,0.0,1.0,4.708932228744334,4.138060626718342,0.9895833333333334,0.2576581253023404,0.8852060027420521,0.9737664088606834,0.9311779857670489,0.33344639206512106,5.704301612244712,7.540911075141695,0.3804171444434259,6.056710041231579,7.674691955248515,-3.0,3.0,4.138060626718343,0.488811727406985,0.2576581253023404,0.8852060027420521,9.488532957563356,-4.600990986331377,161.1189563713049,106.14697146774033,116.01996703294293
density,LoRA slider,onset_rate,72,0.2985616190322717,0.15594807078211465,0.75,0.04861111111110805,0.017162375336171907,0.6666666666666666,0.14337703706567279,0.766594171937969,0.7853206272961365,0.5149755948043393,0.32068190424858284,5.502758272820049,7.531503796577454,0.3803275669407513,6.044720047050053,7.678915242354075,-1.5,1.0,-0.003432475067234554,0.3171619062931413,0.10800291709084478,0.8158468492329121,3.2991021852750713,-4.791665362744668,125.77405990821156,106.64502330651882,101.8429608996263
reverb,LoRA slider,decay_s,72,0.3663918188864604,0.11901763399932799,0.7931034482758621,0.4573258908083008,0.7545668039237144,0.7976190476190478,0.2615658384359752,0.6335396101284358,0.7461651288386848,0.38936470482975316,0.24060680147441518,5.149124304453532,7.419923318756951,0.3803275669407513,6.044720047050053,7.678915242354075,-1.0,1.0,0.66152293640766,0.3581750659295867,0.17775817275590575,0.7727240340577232,22.429681790550937,-4.791665362744668,103.26629650943397,106.64502330651882,211.19382160694423
reverb,Signal processing,decay_s,72,0.4571823716213234,0.14729120493247172,0.7910447761194029,0.18058837010283812,0.29852311331674697,0.8093513063170872,0.1290524145782304,0.8574773783071173,0.9686301830742094,0.8215068418401428,0.34091943926695323,5.7311838666598005,7.420060104793972,0.380416888743639,6.056704425149494,7.674683729807536,-3.0,2.0,0.11709883128079125,0.13496162362973346,0.08375764711915204,0.908541928148932,22.484152341116783,-4.600951626596572,106.14667415673873,106.1466732777685,149.73678304978978
energy,LoRA slider,flux,72,0.7058531746031748,0.08311500971823639,0.9444444444444444,0.10104036465701127,0.8256490433898884,0.8998015873015874,0.35637544378793484,0.679428660000364,0.7578203702966372,0.463862836042516,0.2745095375058655,5.148019851909743,7.173890676763323,0.3803275669407513,6.044720047050053,7.678915242354075,-1.5,0.5,0.7196197595909832,0.15990244971070064,0.17322456339995068,0.8204731634921498,15.46120746400037,-4.791665362744668,143.3841910984879,106.64502330651882,107.85787679523806
tempo,LoRA slider,pulse_bpm,72,-0.007399312239589551,0.1356503716918952,0.2916666666666667,0.9184920556224796,0.04902187287608326,0.6512896825396827,0.18226160074118525,0.7340089908490578,0.7634745178123316,0.4699736243970674,0.3100890611725238,5.473328398333655,7.415527353684108,0.3803275669407513,6.044720047050053,7.678915242354075,-1.5,1.0,-0.08077126082559373,0.2637072566955222,0.12288693396840243,0.803143113023705,10.05796439664186,-4.791665362744668,128.99929931619036,106.64502330651882,107.07993209873811
percussion,LoRA slider,percussive_ratio,72,0.33978174603174605,0.1759613277911406,0.7083333333333334,-0.009820559714777743,-0.04247598633023579,0.3938492063492064,0.11495537475113653,0.7660187536643611,0.7858355958014727,0.5472967404937356,0.32840423536254093,5.917606487870216,7.585186368889278,0.3803275669407513,6.044720047050053,7.678915242354075,-1.5,1.5,-0.042475986330235686,0.24000642462228428,0.11495537475113653,0.7660187536643611,4.564417754282513,-4.791665362744668,118.19043150763054,106.64502330651882,94.10467385336952
distortion,LoRA slider,flatness,72,0.5034722222222222,0.12130804861991717,0.8055555555555556,0.047781291716751814,0.8373270888379715,0.6369047619047621,0.15833535910739252,0.7644294160935614,0.8047241100834476,0.5173983967335823,0.30906891328049824,5.44394144250287,7.357947432332569,0.3803275669407513,6.044720047050053,7.678915242354075,-1.5,0.5,0.29510040777895297,0.17671338420612898,0.05917138010651493,0.8887065411027935,5.618199328137674,-4.791665362744668,104.80236288425604,106.64502330651882,111.52200404593327
distortion,Signal processing,flatness,72,0.6282991294183942,0.12971703070649532,0.9027777777777778,0.019618652646398817,0.344224294322944,0.8665672347311979,0.2036741500875602,0.8563826682253016,0.9894407097664144,0.9229392026700746,0.3045262052522351,5.184800048669179,7.030657155646218,0.380416888743639,6.056704425149494,7.674683729807536,-3.0,1.0,0.011049978754385684,0.016227988264655147,0.04443472605069271,0.9822620153427124,21.492845821681207,-4.600951626596572,106.14667415673873,106.1466732777685,111.33847866248803
lofi,LoRA slider,rolloff_oct,72,0.27798851943322406,0.14763292840989342,0.6805555555555556,0.9014314254800024,0.5267023617275959,0.7103174603174605,0.2361124225943867,0.6280430241151609,0.7355976104736328,0.4090487272544518,0.24118509240603694,4.914554542965359,6.890594859917958,0.3803275669407513,6.044720047050053,7.678915242354075,-1.5,0.5,0.27907713353316943,0.20126430709056936,0.10443742121828514,0.8463274223936929,29.199808548745043,-4.791665362744668,126.69523592725463,106.64502330651882,155.36775036083372
bass,LoRA slider,bass_ratio,72,0.9241071428571429,0.047801811725345235,0.9722222222222222,26.590838973513907,2.2435570320680283,0.7906746031746034,0.19969805768535784,0.753685275092721,0.7418351972268687,0.5457973536130686,0.2920514433968088,5.374300690160857,7.4450107547971935,0.3803275669407513,6.044720047050053,7.678915242354075,-1.0,1.0,1.6835403981222408,0.31421956629687076,0.13275299764548737,0.8527816395378776,8.033971166921061,-4.791665362744668,124.37115674361765,106.64502330651882,128.34460144426617
width,LoRA slider,side_ratio,72,0.9484126984126985,0.014905224262360163,1.0,78.76551437998812,5.241691669205296,0.5213293650793651,0.11818343258669806,0.7540742237534788,0.7727007886601819,0.5170001907905506,0.2968654753381593,5.534050986170769,7.4336817761262255,0.3803275669407513,6.044720047050053,7.678915242354075,-1.0,1.5,4.704791781666202,0.3625819393739089,0.09618005770931226,0.803667236947351,10.910636251666661,-4.791665362744668,104.80611284047092,106.64502330651882,114.90246819292472
mood,LoRA slider,majorness,72,-0.037202380952380966,0.12577155270674706,0.4305555555555556,-0.038610391970998845,-0.27580748464628513,0.7390873015873017,0.16519341458721706,0.7937420490715239,0.7499516300029225,0.5158221129098587,0.3397386060419699,5.84689939684338,7.690999269485474,0.3803275669407513,6.044720047050053,7.678915242354075,-1.5,1.5,-0.2758074846462852,0.32439855331610873,0.16519341458721706,0.7937420490715239,0.5917347994948141,-4.791665362744668,130.0650671978658,106.64502330651882,104.03357814903025
electronic,LoRA slider,,72,,,,,,0.6507936507936509,0.19550695342736113,0.7428112752321694,0.7601514678034518,0.46511628154500717,0.32347217574715614,6.017619889643457,7.695674343241586,0.3803275669407513,6.044720047050053,7.678915242354075,-1.5,1.5,,,0.19550695342736113,0.7428112752321694,3.4671537638535366,-4.791665362744668,120.87253881433169,106.64502330651882,109.54414244746147
harmony,LoRA slider,harmonic_change,72,0.18650793650793654,0.13932206315036025,0.6388888888888888,0.018009276853667364,0.2517363522623561,0.193452380952381,0.03536212668728291,0.7849818449467421,0.7658262453559372,0.4918281708949668,0.3276800171265172,5.5354978574646845,7.428593403763241,0.3803275669407513,6.044720047050053,7.678915242354075,-1.0,1.5,0.0610902355965014,0.1813890921732681,0.031883694600158684,0.8325568632119231,2.248713174053396,-4.791665362744668,103.03505333201923,106.64502330651882,119.19785738966415
groove,LoRA slider,,72,,,,,,0.48214285714285726,0.09868464851751924,0.7704770714044571,0.7923818389988608,0.5035312445315342,0.3253082487758042,5.7947753932740955,7.653666406869888,0.3803275669407513,6.044720047050053,7.678915242354075,-0.5,1.5,,,0.06897134399817637,0.849947595761882,1.2848838272174756,-4.791665362744668,129.4675350140453,106.64502330651882,112.27571235222489
articulation,LoRA slider,decay_s,72,0.33170274219214135,0.12991222018774082,0.7384615384615385,0.2670132995598833,0.4405597323561142,0.4335317460317461,0.10031618082171513,0.773690114211705,0.7727737689597739,0.521368963719753,0.3257449668728643,5.479698747396469,7.573963933520847,0.3803275669407513,6.044720047050053,7.678915242354075,-1.0,1.0,0.4262909554549198,0.4364172168386897,0.04715126957226958,0.8662697997772031,4.577624036381067,-4.791665362744668,106.62451723193578,106.64502330651882,108.3781161929791
ensemble,LoRA slider,pc,72,0.7028769841269842,0.09467750488765007,0.9305555555555556,1.5155510720279484,1.1725599144843335,0.5297619047619049,0.12543886479559457,0.7767012806402313,0.7817039009597566,0.5201250454127032,0.33682386124403113,5.655449107289314,7.511698904964659,0.3803275669407513,6.044720047050053,7.678915242354075,-1.0,1.5,0.9405763288009612,0.1806259975688189,0.12939826255509007,0.8133628749185138,2.5605937313100124,-4.791665362744668,118.62081701885008,106.64502330651882,97.33032809358465
tension,LoRA slider,,72,,,,,,0.6746031746031746,0.15121372203187397,0.7885025944560766,0.7847880849407779,0.5448447516124308,0.3295188368194633,5.646126323276096,7.564293970664342,0.3803275669407513,6.044720047050053,7.678915242354075,-1.5,1.0,,,0.09509295816274567,0.8427978704373041,1.8330406237405672,-4.791665362744668,110.33337951971123,106.64502330651882,116.53663360472666
vintage,LoRA slider,,72,,,,,,0.6116071428571429,0.14076688912205604,0.7555547484921085,0.760075529002481,0.5061825017772197,0.3062258784646272,5.503173258569506,7.450838045941459,0.3803275669407513,6.044720047050053,7.678915242354075,-1.5,1.0,,,0.0888089665159997,0.8210300393402576,7.638129286766215,-4.791665362744668,114.91914257705238,106.64502330651882,124.78007749411435
melody,LoRA slider,key_clarity,72,0.2594246031746032,0.1272682557015697,0.6527777777777778,0.07847933820345998,0.42225533119459396,0.4583333333333334,0.09484581326574294,0.7951797347308861,0.7833566185500886,0.5406282369025067,0.3379105586079984,5.835574176576403,7.619396358728409,0.3803275669407513,6.044720047050053,7.678915242354075,-1.0,1.5,0.3823413851200966,0.21231614080678118,0.07844883250719349,0.8295141371587912,0.6215656149266557,-4.791665362744668,115.10415525506713,106.64502330651882,114.7329797588621
dynamics,LoRA slider,dynamics_db,72,0.25644841269841273,0.15306531396314704,0.6666666666666666,1.9917325344350596,0.7776768068789149,0.6443452380952382,0.1343688468526428,0.7659982920934757,0.769868867057893,0.4987814626749919,0.30423608323973084,5.4376381817791195,7.475182867712444,0.3803275669407513,6.044720047050053,7.678915242354075,-1.0,1.0,0.5746310023037099,0.3364656740749763,0.08188396019330765,0.8609146094984479,5.527524730008171,-4.791665362744668,108.37919058484968,106.64502330651882,118.81383433239834
