slider,measure,start,skipped_steps,rho,ends_ordered,range_in_std,clap_range,clap_keep,chroma_sim,rhythm_sim,ce_at_zero,ce_at_ends,usable_lo,usable_hi
brightness,centroid_oct,1.0,0,0.804,0.958,2.371,0.1963,0.668,0.679,0.409,6.158,5.15,0.0,0.5
brightness,centroid_oct,0.995,9,0.812,0.958,2.107,0.1625,0.709,0.711,0.457,6.172,5.336,-0.5,0.5
brightness,centroid_oct,0.99,14,0.812,0.958,1.983,0.1536,0.742,0.743,0.503,6.162,5.454,-0.5,1.0
brightness,centroid_oct,0.97,21,0.85,0.958,1.406,0.1059,0.849,0.841,0.623,6.184,5.867,-1.0,1.0
brightness,centroid_oct,0.9,29,0.883,0.958,0.42,0.0335,0.971,0.975,0.877,6.133,6.085,-1.5,1.5
density,onset_rate,1.0,0,0.37,0.75,-0.044,0.1738,0.678,0.703,0.389,6.158,5.135,-0.5,0.5
density,onset_rate,0.995,9,0.339,0.708,0.056,0.1546,0.707,0.728,0.42,6.172,5.239,-0.5,0.5
density,onset_rate,0.99,14,0.296,0.625,0.073,0.1542,0.744,0.74,0.452,6.162,5.505,-0.5,0.5
density,onset_rate,0.97,21,0.163,0.625,-0.074,0.1012,0.849,0.818,0.614,6.184,5.728,-1.0,0.5
density,onset_rate,0.9,29,0.191,0.5,0.021,0.0278,0.971,0.974,0.881,6.133,6.038,-1.5,1.5
percussion,percussive_ratio,1.0,0,0.108,0.5,-0.445,0.1081,0.72,0.714,0.416,6.158,5.647,-0.5,1.0
percussion,percussive_ratio,0.995,9,0.221,0.708,-0.295,0.1213,0.747,0.742,0.444,6.172,5.791,-0.5,1.0
percussion,percussive_ratio,0.99,14,0.262,0.708,-0.182,0.1152,0.762,0.758,0.504,6.162,5.888,-0.5,1.0
percussion,percussive_ratio,0.97,21,0.167,0.625,-0.294,0.0739,0.859,0.838,0.621,6.184,6.086,-1.5,1.5
percussion,percussive_ratio,0.9,29,0.154,0.542,-0.036,0.0121,0.974,0.976,0.89,6.133,6.084,-1.5,1.5
reverb,decay_s,1.0,0,0.611,0.929,0.521,0.219,0.584,0.651,0.206,6.158,5.205,-0.5,0.5
reverb,decay_s,0.995,9,0.573,0.789,0.498,0.2195,0.621,0.679,0.28,6.172,5.257,-0.5,0.5
reverb,decay_s,0.99,14,0.522,0.842,0.376,0.222,0.643,0.706,0.338,6.162,5.356,-0.5,0.5
reverb,decay_s,0.97,21,0.271,0.65,0.124,0.1867,0.771,0.814,0.517,6.184,5.813,-1.0,0.5
reverb,decay_s,0.9,29,0.369,0.7,-0.095,0.066,0.944,0.962,0.814,6.133,5.992,-1.5,1.5
