gate_brightness_1.0	python experiments/evaluate.py --method lora --slider brightness --weights runs/sliders/v1/brightness.safetensors --start 1.0 --out runs/eval/gate/start1.0/lora_brightness --scales -1.5 -1 -0.5 0 0.5 1 1.5 --seeds 1
gate_brightness_0.995	python experiments/evaluate.py --method lora --slider brightness --weights runs/sliders/v1/brightness.safetensors --start 0.995 --out runs/eval/gate/start0.995/lora_brightness --scales -1.5 -1 -0.5 0 0.5 1 1.5 --seeds 1
gate_brightness_0.99	python experiments/evaluate.py --method lora --slider brightness --weights runs/sliders/v1/brightness.safetensors --start 0.99 --out runs/eval/gate/start0.99/lora_brightness --scales -1.5 -1 -0.5 0 0.5 1 1.5 --seeds 1
gate_brightness_0.97	python experiments/evaluate.py --method lora --slider brightness --weights runs/sliders/v1/brightness.safetensors --start 0.97 --out runs/eval/gate/start0.97/lora_brightness --scales -1.5 -1 -0.5 0 0.5 1 1.5 --seeds 1
gate_brightness_0.9	python experiments/evaluate.py --method lora --slider brightness --weights runs/sliders/v1/brightness.safetensors --start 0.9 --out runs/eval/gate/start0.9/lora_brightness --scales -1.5 -1 -0.5 0 0.5 1 1.5 --seeds 1
gate_density_1.0	python experiments/evaluate.py --method lora --slider density --weights runs/sliders/v1/density.safetensors --start 1.0 --out runs/eval/gate/start1.0/lora_density --scales -1.5 -1 -0.5 0 0.5 1 1.5 --seeds 1
gate_density_0.995	python experiments/evaluate.py --method lora --slider density --weights runs/sliders/v1/density.safetensors --start 0.995 --out runs/eval/gate/start0.995/lora_density --scales -1.5 -1 -0.5 0 0.5 1 1.5 --seeds 1
gate_density_0.99	python experiments/evaluate.py --method lora --slider density --weights runs/sliders/v1/density.safetensors --start 0.99 --out runs/eval/gate/start0.99/lora_density --scales -1.5 -1 -0.5 0 0.5 1 1.5 --seeds 1
gate_density_0.97	python experiments/evaluate.py --method lora --slider density --weights runs/sliders/v1/density.safetensors --start 0.97 --out runs/eval/gate/start0.97/lora_density --scales -1.5 -1 -0.5 0 0.5 1 1.5 --seeds 1
gate_density_0.9	python experiments/evaluate.py --method lora --slider density --weights runs/sliders/v1/density.safetensors --start 0.9 --out runs/eval/gate/start0.9/lora_density --scales -1.5 -1 -0.5 0 0.5 1 1.5 --seeds 1
gate_percussion_1.0	python experiments/evaluate.py --method lora --slider percussion --weights runs/sliders/v1/percussion.safetensors --start 1.0 --out runs/eval/gate/start1.0/lora_percussion --scales -1.5 -1 -0.5 0 0.5 1 1.5 --seeds 1
gate_percussion_0.995	python experiments/evaluate.py --method lora --slider percussion --weights runs/sliders/v1/percussion.safetensors --start 0.995 --out runs/eval/gate/start0.995/lora_percussion --scales -1.5 -1 -0.5 0 0.5 1 1.5 --seeds 1
gate_percussion_0.99	python experiments/evaluate.py --method lora --slider percussion --weights runs/sliders/v1/percussion.safetensors --start 0.99 --out runs/eval/gate/start0.99/lora_percussion --scales -1.5 -1 -0.5 0 0.5 1 1.5 --seeds 1
gate_percussion_0.97	python experiments/evaluate.py --method lora --slider percussion --weights runs/sliders/v1/percussion.safetensors --start 0.97 --out runs/eval/gate/start0.97/lora_percussion --scales -1.5 -1 -0.5 0 0.5 1 1.5 --seeds 1
gate_percussion_0.9	python experiments/evaluate.py --method lora --slider percussion --weights runs/sliders/v1/percussion.safetensors --start 0.9 --out runs/eval/gate/start0.9/lora_percussion --scales -1.5 -1 -0.5 0 0.5 1 1.5 --seeds 1
gate_reverb_1.0	python experiments/evaluate.py --method lora --slider reverb --weights runs/sliders/v1/reverb.safetensors --start 1.0 --out runs/eval/gate/start1.0/lora_reverb --scales -1.5 -1 -0.5 0 0.5 1 1.5 --seeds 1
gate_reverb_0.995	python experiments/evaluate.py --method lora --slider reverb --weights runs/sliders/v1/reverb.safetensors --start 0.995 --out runs/eval/gate/start0.995/lora_reverb --scales -1.5 -1 -0.5 0 0.5 1 1.5 --seeds 1
gate_reverb_0.99	python experiments/evaluate.py --method lora --slider reverb --weights runs/sliders/v1/reverb.safetensors --start 0.99 --out runs/eval/gate/start0.99/lora_reverb --scales -1.5 -1 -0.5 0 0.5 1 1.5 --seeds 1
gate_reverb_0.97	python experiments/evaluate.py --method lora --slider reverb --weights runs/sliders/v1/reverb.safetensors --start 0.97 --out runs/eval/gate/start0.97/lora_reverb --scales -1.5 -1 -0.5 0 0.5 1 1.5 --seeds 1
gate_reverb_0.9	python experiments/evaluate.py --method lora --slider reverb --weights runs/sliders/v1/reverb.safetensors --start 0.9 --out runs/eval/gate/start0.9/lora_reverb --scales -1.5 -1 -0.5 0 0.5 1 1.5 --seeds 1
