ace_corpus_train_00	python experiments/make_corpus.py --backbone ace-turbo --out runs/corpus/ace_train --shard 0 4
ace_corpus_train_01	python experiments/make_corpus.py --backbone ace-turbo --out runs/corpus/ace_train --shard 1 4
ace_corpus_train_02	python experiments/make_corpus.py --backbone ace-turbo --out runs/corpus/ace_train --shard 2 4
ace_corpus_train_03	python experiments/make_corpus.py --backbone ace-turbo --out runs/corpus/ace_train --shard 3 4
ace_corpus_concepts_00	python experiments/make_corpus.py --backbone ace-turbo --out runs/corpus/ace_concepts --split concepts --seeds 1024 --seed-offset 50000 --shard 0 4
ace_corpus_concepts_01	python experiments/make_corpus.py --backbone ace-turbo --out runs/corpus/ace_concepts --split concepts --seeds 1024 --seed-offset 50000 --shard 1 4
ace_corpus_concepts_02	python experiments/make_corpus.py --backbone ace-turbo --out runs/corpus/ace_concepts --split concepts --seeds 1024 --seed-offset 50000 --shard 2 4
ace_corpus_concepts_03	python experiments/make_corpus.py --backbone ace-turbo --out runs/corpus/ace_concepts --split concepts --seeds 1024 --seed-offset 50000 --shard 3 4
ace_train_mood	python -m audiosliders.train mood --backbone ace-turbo --eta 2 --out runs/sliders/ace
ace_train_harmony	python -m audiosliders.train harmony --backbone ace-turbo --eta 2 --out runs/sliders/ace
ace_train_groove	python -m audiosliders.train groove --backbone ace-turbo --eta 2 --out runs/sliders/ace
ace_train_ensemble	python -m audiosliders.train ensemble --backbone ace-turbo --eta 2 --out runs/sliders/ace
ace_train_tension	python -m audiosliders.train tension --backbone ace-turbo --eta 2 --out runs/sliders/ace
ace_train_melody	python -m audiosliders.train melody --backbone ace-turbo --eta 2 --out runs/sliders/ace
ace_train_brightness	python -m audiosliders.train brightness --backbone ace-turbo --eta 2 --out runs/sliders/ace
ace_train_density	python -m audiosliders.train density --backbone ace-turbo --eta 2 --out runs/sliders/ace
ace_eval_base	python experiments/evaluate.py --backbone ace-turbo --method base --out runs/eval/ace/base_none --seeds 8 --seed-offset 5000 --save-audio
ace_eval_lora_mood	python experiments/evaluate.py --backbone ace-turbo --method lora --slider mood --weights runs/sliders/ace/mood.safetensors --out runs/eval/ace/lora_mood --scales -2 -1.5 -1 -0.5 0 0.5 1 1.5 2 --seeds 3 --save-audio
ace_eval_lora_harmony	python experiments/evaluate.py --backbone ace-turbo --method lora --slider harmony --weights runs/sliders/ace/harmony.safetensors --out runs/eval/ace/lora_harmony --scales -2 -1.5 -1 -0.5 0 0.5 1 1.5 2 --seeds 3 --save-audio
ace_eval_lora_groove	python experiments/evaluate.py --backbone ace-turbo --method lora --slider groove --weights runs/sliders/ace/groove.safetensors --out runs/eval/ace/lora_groove --scales -2 -1.5 -1 -0.5 0 0.5 1 1.5 2 --seeds 3 --save-audio
ace_eval_lora_ensemble	python experiments/evaluate.py --backbone ace-turbo --method lora --slider ensemble --weights runs/sliders/ace/ensemble.safetensors --out runs/eval/ace/lora_ensemble --scales -2 -1.5 -1 -0.5 0 0.5 1 1.5 2 --seeds 3 --save-audio
ace_eval_lora_tension	python experiments/evaluate.py --backbone ace-turbo --method lora --slider tension --weights runs/sliders/ace/tension.safetensors --out runs/eval/ace/lora_tension --scales -2 -1.5 -1 -0.5 0 0.5 1 1.5 2 --seeds 3 --save-audio
ace_eval_lora_melody	python experiments/evaluate.py --backbone ace-turbo --method lora --slider melody --weights runs/sliders/ace/melody.safetensors --out runs/eval/ace/lora_melody --scales -2 -1.5 -1 -0.5 0 0.5 1 1.5 2 --seeds 3 --save-audio
ace_eval_lora_brightness	python experiments/evaluate.py --backbone ace-turbo --method lora --slider brightness --weights runs/sliders/ace/brightness.safetensors --out runs/eval/ace/lora_brightness --scales -2 -1.5 -1 -0.5 0 0.5 1 1.5 2 --seeds 3 --save-audio
ace_eval_lora_density	python experiments/evaluate.py --backbone ace-turbo --method lora --slider density --weights runs/sliders/ace/density.safetensors --out runs/eval/ace/lora_density --scales -2 -1.5 -1 -0.5 0 0.5 1 1.5 2 --seeds 3 --save-audio
