ace_pca_train_c0_pc0	python -m audiosliders.contrast c0_pc0 --backbone ace-turbo --corpus runs/corpus/ace_concepts --prompt-index 0 --by pca:0 --iters 1500 --out runs/sliders/ace_pca
ace_pca_train_c1_pc0	python -m audiosliders.contrast c1_pc0 --backbone ace-turbo --corpus runs/corpus/ace_concepts --prompt-index 1 --by pca:0 --iters 1500 --out runs/sliders/ace_pca
ace_pca_train_c2_pc0	python -m audiosliders.contrast c2_pc0 --backbone ace-turbo --corpus runs/corpus/ace_concepts --prompt-index 2 --by pca:0 --iters 1500 --out runs/sliders/ace_pca
ace_pca_train_c0_pc1	python -m audiosliders.contrast c0_pc1 --backbone ace-turbo --corpus runs/corpus/ace_concepts --prompt-index 0 --by pca:1 --iters 1500 --out runs/sliders/ace_pca
ace_pca_train_c1_pc1	python -m audiosliders.contrast c1_pc1 --backbone ace-turbo --corpus runs/corpus/ace_concepts --prompt-index 1 --by pca:1 --iters 1500 --out runs/sliders/ace_pca
ace_pca_train_c2_pc1	python -m audiosliders.contrast c2_pc1 --backbone ace-turbo --corpus runs/corpus/ace_concepts --prompt-index 2 --by pca:1 --iters 1500 --out runs/sliders/ace_pca
ace_pca_train_c0_pc2	python -m audiosliders.contrast c0_pc2 --backbone ace-turbo --corpus runs/corpus/ace_concepts --prompt-index 0 --by pca:2 --iters 1500 --out runs/sliders/ace_pca
ace_pca_train_c1_pc2	python -m audiosliders.contrast c1_pc2 --backbone ace-turbo --corpus runs/corpus/ace_concepts --prompt-index 1 --by pca:2 --iters 1500 --out runs/sliders/ace_pca
ace_pca_train_c2_pc2	python -m audiosliders.contrast c2_pc2 --backbone ace-turbo --corpus runs/corpus/ace_concepts --prompt-index 2 --by pca:2 --iters 1500 --out runs/sliders/ace_pca
ace_pca_train_c0_pc3	python -m audiosliders.contrast c0_pc3 --backbone ace-turbo --corpus runs/corpus/ace_concepts --prompt-index 0 --by pca:3 --iters 1500 --out runs/sliders/ace_pca
ace_pca_train_c1_pc3	python -m audiosliders.contrast c1_pc3 --backbone ace-turbo --corpus runs/corpus/ace_concepts --prompt-index 1 --by pca:3 --iters 1500 --out runs/sliders/ace_pca
ace_pca_train_c2_pc3	python -m audiosliders.contrast c2_pc3 --backbone ace-turbo --corpus runs/corpus/ace_concepts --prompt-index 2 --by pca:3 --iters 1500 --out runs/sliders/ace_pca
ace_d_train_quality_d	python -m audiosliders.contrast quality_d --backbone ace-turbo --corpus runs/corpus/ace_train --by descriptor:ce --iters 1500 --out runs/sliders/ace_d
ace_d_train_production_d	python -m audiosliders.contrast production_d --backbone ace-turbo --corpus runs/corpus/ace_train --by descriptor:pq --iters 1500 --out runs/sliders/ace_d
ace_d_train_brightness_d	python -m audiosliders.contrast brightness_d --backbone ace-turbo --corpus runs/corpus/ace_train --by descriptor:centroid_hz --iters 1500 --out runs/sliders/ace_d
ace_d_train_density_d	python -m audiosliders.contrast density_d --backbone ace-turbo --corpus runs/corpus/ace_train --by descriptor:onset_rate --iters 1500 --out runs/sliders/ace_d
ace_d_train_ensemble_d	python -m audiosliders.contrast ensemble_d --backbone ace-turbo --corpus runs/corpus/ace_train --by descriptor:pc --iters 1500 --out runs/sliders/ace_d
ace_d_train_harmony_d	python -m audiosliders.contrast harmony_d --backbone ace-turbo --corpus runs/corpus/ace_train --by descriptor:harmonic_change --iters 1500 --out runs/sliders/ace_d
ace_d_train_groove_d	python -m audiosliders.contrast groove_d --backbone ace-turbo --corpus runs/corpus/ace_train --by descriptor:pulse_clarity --iters 1500 --out runs/sliders/ace_d
ace_d_train_mood_d	python -m audiosliders.contrast mood_d --backbone ace-turbo --corpus runs/corpus/ace_train --by descriptor:majorness --iters 1500 --out runs/sliders/ace_d
