ace_eval_guidance_mood	python experiments/evaluate.py --backbone ace-turbo --method guidance --eta 2 --slider mood --out runs/eval/ace/guidance_mood --scales -2 -1.5 -1 -0.5 0 0.5 1 1.5 2 --seeds 2 --save-audio
ace_eval_embed_mood	python experiments/evaluate.py --backbone ace-turbo --method embed --slider mood --out runs/eval/ace/embed_mood --scales -2 -1.5 -1 -0.5 0 0.5 1 1.5 2 --seeds 2 --save-audio
ace_eval_guidance_harmony	python experiments/evaluate.py --backbone ace-turbo --method guidance --eta 2 --slider harmony --out runs/eval/ace/guidance_harmony --scales -2 -1.5 -1 -0.5 0 0.5 1 1.5 2 --seeds 2 --save-audio
ace_eval_embed_harmony	python experiments/evaluate.py --backbone ace-turbo --method embed --slider harmony --out runs/eval/ace/embed_harmony --scales -2 -1.5 -1 -0.5 0 0.5 1 1.5 2 --seeds 2 --save-audio
ace_eval_guidance_groove	python experiments/evaluate.py --backbone ace-turbo --method guidance --eta 2 --slider groove --out runs/eval/ace/guidance_groove --scales -2 -1.5 -1 -0.5 0 0.5 1 1.5 2 --seeds 2 --save-audio
ace_eval_embed_groove	python experiments/evaluate.py --backbone ace-turbo --method embed --slider groove --out runs/eval/ace/embed_groove --scales -2 -1.5 -1 -0.5 0 0.5 1 1.5 2 --seeds 2 --save-audio
ace_eval_guidance_ensemble	python experiments/evaluate.py --backbone ace-turbo --method guidance --eta 2 --slider ensemble --out runs/eval/ace/guidance_ensemble --scales -2 -1.5 -1 -0.5 0 0.5 1 1.5 2 --seeds 2 --save-audio
ace_eval_embed_ensemble	python experiments/evaluate.py --backbone ace-turbo --method embed --slider ensemble --out runs/eval/ace/embed_ensemble --scales -2 -1.5 -1 -0.5 0 0.5 1 1.5 2 --seeds 2 --save-audio
ace_eval_guidance_tension	python experiments/evaluate.py --backbone ace-turbo --method guidance --eta 2 --slider tension --out runs/eval/ace/guidance_tension --scales -2 -1.5 -1 -0.5 0 0.5 1 1.5 2 --seeds 2 --save-audio
ace_eval_embed_tension	python experiments/evaluate.py --backbone ace-turbo --method embed --slider tension --out runs/eval/ace/embed_tension --scales -2 -1.5 -1 -0.5 0 0.5 1 1.5 2 --seeds 2 --save-audio
ace_eval_guidance_melody	python experiments/evaluate.py --backbone ace-turbo --method guidance --eta 2 --slider melody --out runs/eval/ace/guidance_melody --scales -2 -1.5 -1 -0.5 0 0.5 1 1.5 2 --seeds 2 --save-audio
ace_eval_embed_melody	python experiments/evaluate.py --backbone ace-turbo --method embed --slider melody --out runs/eval/ace/embed_melody --scales -2 -1.5 -1 -0.5 0 0.5 1 1.5 2 --seeds 2 --save-audio
ace_eval_guidance_brightness	python experiments/evaluate.py --backbone ace-turbo --method guidance --eta 2 --slider brightness --out runs/eval/ace/guidance_brightness --scales -2 -1.5 -1 -0.5 0 0.5 1 1.5 2 --seeds 2 --save-audio
ace_eval_embed_brightness	python experiments/evaluate.py --backbone ace-turbo --method embed --slider brightness --out runs/eval/ace/embed_brightness --scales -2 -1.5 -1 -0.5 0 0.5 1 1.5 2 --seeds 2 --save-audio
ace_eval_guidance_density	python experiments/evaluate.py --backbone ace-turbo --method guidance --eta 2 --slider density --out runs/eval/ace/guidance_density --scales -2 -1.5 -1 -0.5 0 0.5 1 1.5 2 --seeds 2 --save-audio
ace_eval_embed_density	python experiments/evaluate.py --backbone ace-turbo --method embed --slider density --out runs/eval/ace/embed_density --scales -2 -1.5 -1 -0.5 0 0.5 1 1.5 2 --seeds 2 --save-audio
ace_compose_mood_brightness	python experiments/compose.py mood brightness --backbone ace-turbo --weights runs/sliders/ace --out runs/eval/ace_compose/mood_brightness
ace_compose_harmony_groove	python experiments/compose.py harmony groove --backbone ace-turbo --weights runs/sliders/ace --out runs/eval/ace_compose/harmony_groove
ace_compose_ensemble_tension	python experiments/compose.py ensemble tension --backbone ace-turbo --weights runs/sliders/ace --out runs/eval/ace_compose/ensemble_tension
ace_train_mood_r16	python -m audiosliders.train mood --backbone ace-turbo --eta 2 --rank 16 --alpha 4 --tag mood_r16 --out runs/sliders/ace_ablate
ace_train_mood_3k	python -m audiosliders.train mood --backbone ace-turbo --eta 2 --iters 3000 --tag mood_3k --out runs/sliders/ace_ablate
ace_train_mood_xattn	python -m audiosliders.train mood --backbone ace-turbo --eta 2 --targets xattn --tag mood_xattn --out runs/sliders/ace_ablate
ace_train_mood_eta4	python -m audiosliders.train mood --backbone ace-turbo --eta 4 --tag mood_eta4 --out runs/sliders/ace_ablate
ace_eval_ablate_mood_r16	python experiments/evaluate.py --backbone ace-turbo --method lora --slider mood --weights runs/sliders/ace_ablate/mood_r16.safetensors --out runs/eval/ace_ablate/mood_r16/lora_mood --scales -2 -1.5 -1 -0.5 0 0.5 1 1.5 2 --seeds 2
ace_eval_ablate_mood_3k	python experiments/evaluate.py --backbone ace-turbo --method lora --slider mood --weights runs/sliders/ace_ablate/mood_3k.safetensors --out runs/eval/ace_ablate/mood_3k/lora_mood --scales -2 -1.5 -1 -0.5 0 0.5 1 1.5 2 --seeds 2
ace_eval_ablate_mood_xattn	python experiments/evaluate.py --backbone ace-turbo --method lora --slider mood --weights runs/sliders/ace_ablate/mood_xattn.safetensors --out runs/eval/ace_ablate/mood_xattn/lora_mood --scales -2 -1.5 -1 -0.5 0 0.5 1 1.5 2 --seeds 2
ace_eval_ablate_mood_eta4	python experiments/evaluate.py --backbone ace-turbo --method lora --slider mood --weights runs/sliders/ace_ablate/mood_eta4.safetensors --out runs/eval/ace_ablate/mood_eta4/lora_mood --scales -2 -1.5 -1 -0.5 0 0.5 1 1.5 2 --seeds 2
ace2_train_energy	python -m audiosliders.train energy --backbone ace-turbo --eta 2 --out runs/sliders/ace
ace2_train_percussion	python -m audiosliders.train percussion --backbone ace-turbo --eta 2 --out runs/sliders/ace
ace2_train_electronic	python -m audiosliders.train electronic --backbone ace-turbo --eta 2 --out runs/sliders/ace
ace2_train_vintage	python -m audiosliders.train vintage --backbone ace-turbo --eta 2 --out runs/sliders/ace
ace2_train_articulation	python -m audiosliders.train articulation --backbone ace-turbo --eta 2 --out runs/sliders/ace
ace2_train_dynamics	python -m audiosliders.train dynamics --backbone ace-turbo --eta 2 --out runs/sliders/ace
ace2_train_reverb	python -m audiosliders.train reverb --backbone ace-turbo --eta 2 --out runs/sliders/ace
ace2_train_tempo	python -m audiosliders.train tempo --backbone ace-turbo --eta 2 --out runs/sliders/ace
ace2_train_distortion	python -m audiosliders.train distortion --backbone ace-turbo --eta 2 --out runs/sliders/ace
ace2_train_lofi	python -m audiosliders.train lofi --backbone ace-turbo --eta 2 --out runs/sliders/ace
ace2_train_bass	python -m audiosliders.train bass --backbone ace-turbo --eta 2 --out runs/sliders/ace
ace2_train_width	python -m audiosliders.train width --backbone ace-turbo --eta 2 --out runs/sliders/ace
ace2_eval_lora_energy	python experiments/evaluate.py --backbone ace-turbo --method lora --slider energy --weights runs/sliders/ace/energy.safetensors --out runs/eval/ace/lora_energy --scales -2 -1.5 -1 -0.5 0 0.5 1 1.5 2 --seeds 3 --save-audio
ace2_eval_lora_percussion	python experiments/evaluate.py --backbone ace-turbo --method lora --slider percussion --weights runs/sliders/ace/percussion.safetensors --out runs/eval/ace/lora_percussion --scales -2 -1.5 -1 -0.5 0 0.5 1 1.5 2 --seeds 3 --save-audio
ace2_eval_lora_electronic	python experiments/evaluate.py --backbone ace-turbo --method lora --slider electronic --weights runs/sliders/ace/electronic.safetensors --out runs/eval/ace/lora_electronic --scales -2 -1.5 -1 -0.5 0 0.5 1 1.5 2 --seeds 3 --save-audio
ace2_eval_lora_vintage	python experiments/evaluate.py --backbone ace-turbo --method lora --slider vintage --weights runs/sliders/ace/vintage.safetensors --out runs/eval/ace/lora_vintage --scales -2 -1.5 -1 -0.5 0 0.5 1 1.5 2 --seeds 3 --save-audio
ace2_eval_lora_articulation	python experiments/evaluate.py --backbone ace-turbo --method lora --slider articulation --weights runs/sliders/ace/articulation.safetensors --out runs/eval/ace/lora_articulation --scales -2 -1.5 -1 -0.5 0 0.5 1 1.5 2 --seeds 3 --save-audio
ace2_eval_lora_dynamics	python experiments/evaluate.py --backbone ace-turbo --method lora --slider dynamics --weights runs/sliders/ace/dynamics.safetensors --out runs/eval/ace/lora_dynamics --scales -2 -1.5 -1 -0.5 0 0.5 1 1.5 2 --seeds 3 --save-audio
ace2_eval_lora_reverb	python experiments/evaluate.py --backbone ace-turbo --method lora --slider reverb --weights runs/sliders/ace/reverb.safetensors --out runs/eval/ace/lora_reverb --scales -2 -1.5 -1 -0.5 0 0.5 1 1.5 2 --seeds 3 --save-audio
ace2_eval_lora_tempo	python experiments/evaluate.py --backbone ace-turbo --method lora --slider tempo --weights runs/sliders/ace/tempo.safetensors --out runs/eval/ace/lora_tempo --scales -2 -1.5 -1 -0.5 0 0.5 1 1.5 2 --seeds 3 --save-audio
ace2_eval_lora_distortion	python experiments/evaluate.py --backbone ace-turbo --method lora --slider distortion --weights runs/sliders/ace/distortion.safetensors --out runs/eval/ace/lora_distortion --scales -2 -1.5 -1 -0.5 0 0.5 1 1.5 2 --seeds 3 --save-audio
ace2_eval_lora_lofi	python experiments/evaluate.py --backbone ace-turbo --method lora --slider lofi --weights runs/sliders/ace/lofi.safetensors --out runs/eval/ace/lora_lofi --scales -2 -1.5 -1 -0.5 0 0.5 1 1.5 2 --seeds 3 --save-audio
ace2_eval_lora_bass	python experiments/evaluate.py --backbone ace-turbo --method lora --slider bass --weights runs/sliders/ace/bass.safetensors --out runs/eval/ace/lora_bass --scales -2 -1.5 -1 -0.5 0 0.5 1 1.5 2 --seeds 3 --save-audio
ace2_eval_lora_width	python experiments/evaluate.py --backbone ace-turbo --method lora --slider width --weights runs/sliders/ace/width.safetensors --out runs/eval/ace/lora_width --scales -2 -1.5 -1 -0.5 0 0.5 1 1.5 2 --seeds 3 --save-audio
