real_train_tempo	python -m audiosliders.contrast tempo --backbone ace-turbo --corpus runs/corpus/real_ace --seconds 10 --fraction 0.2 --max-vocal 0.6 --iters 1500 --out runs/sliders/ace_real --by descriptor:beat_bpm
real_train_mood	python -m audiosliders.contrast mood --backbone ace-turbo --corpus runs/corpus/real_ace --seconds 10 --fraction 0.2 --max-vocal 0.6 --iters 1500 --out runs/sliders/ace_real --by tags:happy|sad
real_train_harmony	python -m audiosliders.contrast harmony --backbone ace-turbo --corpus runs/corpus/real_ace --seconds 10 --fraction 0.2 --max-vocal 0.6 --iters 1500 --out runs/sliders/ace_real --by descriptor:harmonic_change
real_train_quality	python -m audiosliders.contrast quality --backbone ace-turbo --corpus runs/corpus/real_ace --seconds 10 --fraction 0.2 --max-vocal 0.6 --iters 1500 --out runs/sliders/ace_real --by descriptor:ce
real_train_density	python -m audiosliders.contrast density --backbone ace-turbo --corpus runs/corpus/real_ace --seconds 10 --fraction 0.2 --max-vocal 0.6 --iters 1500 --out runs/sliders/ace_real --by descriptor:onset_rate
real_train_electronic	python -m audiosliders.contrast electronic --backbone ace-turbo --corpus runs/corpus/real_ace --seconds 10 --fraction 0.2 --max-vocal 0.6 --iters 1500 --out runs/sliders/ace_real --by tags:electronic|acoustic
real_train_ensemble	python -m audiosliders.contrast ensemble --backbone ace-turbo --corpus runs/corpus/real_ace --seconds 10 --fraction 0.2 --max-vocal 0.6 --iters 1500 --out runs/sliders/ace_real --by descriptor:pc
real_train_energy	python -m audiosliders.contrast energy --backbone ace-turbo --corpus runs/corpus/real_ace --seconds 10 --fraction 0.2 --max-vocal 0.6 --iters 1500 --out runs/sliders/ace_real --by descriptor:flux
real_train_jazz	python -m audiosliders.contrast jazz --backbone ace-turbo --corpus runs/corpus/real_ace --seconds 10 --fraction 0.2 --max-vocal 0.6 --iters 1500 --out runs/sliders/ace_real --by tags:jazz|rock
real_train_piano	python -m audiosliders.contrast piano --backbone ace-turbo --corpus runs/corpus/real_ace --seconds 10 --fraction 0.2 --max-vocal 0.6 --iters 1500 --out runs/sliders/ace_real --by tags:piano
real_train_brightness	python -m audiosliders.contrast brightness --backbone ace-turbo --corpus runs/corpus/real_ace --seconds 10 --fraction 0.2 --max-vocal 0.6 --iters 1500 --out runs/sliders/ace_real --by descriptor:centroid_hz
real_train_melody	python -m audiosliders.contrast melody --backbone ace-turbo --corpus runs/corpus/real_ace --seconds 10 --fraction 0.2 --max-vocal 0.6 --iters 1500 --out runs/sliders/ace_real --by descriptor:key_clarity
