v2_train_tempo	python -m audiosliders.contrast tempo --backbone ace-turbo --corpus runs/corpus/ace_large --seconds 10 --iters 1500 --batch 16 --symmetry 0 --fraction 0.2 --out runs/sliders/ace_v2 --by descriptor:beat_bpm --balance rms_db,centroid_hz,ce
v2_train_arousal	python -m audiosliders.contrast arousal --backbone ace-turbo --corpus runs/corpus/ace_large --seconds 10 --iters 1500 --batch 16 --symmetry 0 --fraction 0.2 --out runs/sliders/ace_v2 --emb muq --by direction:runs/discovery/real_muq_ica/directions.npy:3 --balance ce
v2_train_valence	python -m audiosliders.contrast valence --backbone ace-turbo --corpus runs/corpus/ace_large --seconds 10 --iters 1500 --batch 16 --symmetry 0 --fraction 0.2 --out runs/sliders/ace_v2 --emb muq --by direction:runs/discovery/real_muq_ica/directions.npy:7 --balance ce
v2_train_mood	python -m audiosliders.contrast mood --backbone ace-turbo --corpus runs/corpus/ace_large --seconds 10 --iters 1500 --batch 16 --symmetry 0 --fraction 0.2 --out runs/sliders/ace_v2 --by tags:happy,sad --balance rms_db,centroid_hz,ce
v2_train_jazz_electronic	python -m audiosliders.contrast jazz_electronic --backbone ace-turbo --corpus runs/corpus/ace_large --seconds 10 --iters 1500 --batch 16 --symmetry 0 --fraction 0.2 --out runs/sliders/ace_v2 --emb muq --by direction:runs/discovery/real_muq_ica/directions.npy:5 --balance ce
v2_train_harmony	python -m audiosliders.contrast harmony --backbone ace-turbo --corpus runs/corpus/ace_large --seconds 10 --iters 1500 --batch 16 --symmetry 0 --fraction 0.2 --out runs/sliders/ace_v2 --by descriptor:harmonic_change --balance rms_db,centroid_hz,ce
v2_train_quality	python -m audiosliders.contrast quality --backbone ace-turbo --corpus runs/corpus/ace_large --seconds 10 --iters 1500 --batch 16 --symmetry 0 --fraction 0.2 --out runs/sliders/ace_v2 --by descriptor:ce --balance rms_db,centroid_hz
v2_train_strings_synth	python -m audiosliders.contrast strings_synth --backbone ace-turbo --corpus runs/corpus/ace_large --seconds 10 --iters 1500 --batch 16 --symmetry 0 --fraction 0.2 --out runs/sliders/ace_v2 --emb muq --by direction:runs/discovery/real_muq_ica/directions.npy:1 --balance ce
v2_train_density	python -m audiosliders.contrast density --backbone ace-turbo --corpus runs/corpus/ace_large --seconds 10 --iters 1500 --batch 16 --symmetry 0 --fraction 0.2 --out runs/sliders/ace_v2 --by descriptor:onset_rate --balance rms_db,centroid_hz,ce
v2_train_piano_axis	python -m audiosliders.contrast piano_axis --backbone ace-turbo --corpus runs/corpus/ace_large --seconds 10 --iters 1500 --batch 16 --symmetry 0 --fraction 0.2 --out runs/sliders/ace_v2 --emb muq --by direction:runs/discovery/real_muq_ica/directions.npy:4 --balance ce
v2_train_classical_funk	python -m audiosliders.contrast classical_funk --backbone ace-turbo --corpus runs/corpus/ace_large --seconds 10 --iters 1500 --batch 16 --symmetry 0 --fraction 0.2 --out runs/sliders/ace_v2 --emb clap --by direction:runs/discovery/real_pca/directions.npy:4 --balance ce
v2_train_ensemble	python -m audiosliders.contrast ensemble --backbone ace-turbo --corpus runs/corpus/ace_large --seconds 10 --iters 1500 --batch 16 --symmetry 0 --fraction 0.2 --out runs/sliders/ace_v2 --by descriptor:pc --balance rms_db,centroid_hz,ce
v2_train_acoustic_electronic	python -m audiosliders.contrast acoustic_electronic --backbone ace-turbo --corpus runs/corpus/ace_large --seconds 10 --iters 1500 --batch 16 --symmetry 0 --fraction 0.2 --out runs/sliders/ace_v2 --emb clap --by direction:runs/discovery/real_ica/directions.npy:3 --balance ce
v2_train_energy	python -m audiosliders.contrast energy --backbone ace-turbo --corpus runs/corpus/ace_large --seconds 10 --iters 1500 --batch 16 --symmetry 0 --fraction 0.2 --out runs/sliders/ace_v2 --by descriptor:flux --balance centroid_hz,ce
v2_train_electronic	python -m audiosliders.contrast electronic --backbone ace-turbo --corpus runs/corpus/ace_large --seconds 10 --iters 1500 --batch 16 --symmetry 0 --fraction 0.2 --out runs/sliders/ace_v2 --by tags:electronic,acoustic --balance rms_db,ce
v2_eval_tempo	python experiments/evaluate.py --backbone ace-turbo --method lora --slider tempo --weights runs/sliders/ace_v2/tempo.safetensors --out runs/eval/ace_v2/contrast_tempo --scales -1.5 -1 -0.5 0 0.5 1 1.5 --seeds 3 --save-audio
v2_eval_arousal	python experiments/evaluate.py --backbone ace-turbo --method lora --slider arousal --weights runs/sliders/ace_v2/arousal.safetensors --out runs/eval/ace_v2/contrast_arousal --scales -1.5 -1 -0.5 0 0.5 1 1.5 --seeds 3 --save-audio
v2_eval_valence	python experiments/evaluate.py --backbone ace-turbo --method lora --slider valence --weights runs/sliders/ace_v2/valence.safetensors --out runs/eval/ace_v2/contrast_valence --scales -1.5 -1 -0.5 0 0.5 1 1.5 --seeds 3 --save-audio
v2_eval_mood	python experiments/evaluate.py --backbone ace-turbo --method lora --slider mood --weights runs/sliders/ace_v2/mood.safetensors --out runs/eval/ace_v2/contrast_mood --scales -1.5 -1 -0.5 0 0.5 1 1.5 --seeds 3 --save-audio
v2_eval_jazz_electronic	python experiments/evaluate.py --backbone ace-turbo --method lora --slider jazz_electronic --weights runs/sliders/ace_v2/jazz_electronic.safetensors --out runs/eval/ace_v2/contrast_jazz_electronic --scales -1.5 -1 -0.5 0 0.5 1 1.5 --seeds 3 --save-audio
v2_eval_harmony	python experiments/evaluate.py --backbone ace-turbo --method lora --slider harmony --weights runs/sliders/ace_v2/harmony.safetensors --out runs/eval/ace_v2/contrast_harmony --scales -1.5 -1 -0.5 0 0.5 1 1.5 --seeds 3 --save-audio
v2_eval_quality	python experiments/evaluate.py --backbone ace-turbo --method lora --slider quality --weights runs/sliders/ace_v2/quality.safetensors --out runs/eval/ace_v2/contrast_quality --scales -1.5 -1 -0.5 0 0.5 1 1.5 --seeds 3 --save-audio
v2_eval_strings_synth	python experiments/evaluate.py --backbone ace-turbo --method lora --slider strings_synth --weights runs/sliders/ace_v2/strings_synth.safetensors --out runs/eval/ace_v2/contrast_strings_synth --scales -1.5 -1 -0.5 0 0.5 1 1.5 --seeds 3 --save-audio
v2_eval_density	python experiments/evaluate.py --backbone ace-turbo --method lora --slider density --weights runs/sliders/ace_v2/density.safetensors --out runs/eval/ace_v2/contrast_density --scales -1.5 -1 -0.5 0 0.5 1 1.5 --seeds 3 --save-audio
v2_eval_piano_axis	python experiments/evaluate.py --backbone ace-turbo --method lora --slider piano_axis --weights runs/sliders/ace_v2/piano_axis.safetensors --out runs/eval/ace_v2/contrast_piano_axis --scales -1.5 -1 -0.5 0 0.5 1 1.5 --seeds 3 --save-audio
v2_eval_classical_funk	python experiments/evaluate.py --backbone ace-turbo --method lora --slider classical_funk --weights runs/sliders/ace_v2/classical_funk.safetensors --out runs/eval/ace_v2/contrast_classical_funk --scales -1.5 -1 -0.5 0 0.5 1 1.5 --seeds 3 --save-audio
v2_eval_ensemble	python experiments/evaluate.py --backbone ace-turbo --method lora --slider ensemble --weights runs/sliders/ace_v2/ensemble.safetensors --out runs/eval/ace_v2/contrast_ensemble --scales -1.5 -1 -0.5 0 0.5 1 1.5 --seeds 3 --save-audio
v2_eval_acoustic_electronic	python experiments/evaluate.py --backbone ace-turbo --method lora --slider acoustic_electronic --weights runs/sliders/ace_v2/acoustic_electronic.safetensors --out runs/eval/ace_v2/contrast_acoustic_electronic --scales -1.5 -1 -0.5 0 0.5 1 1.5 --seeds 3 --save-audio
v2_eval_energy	python experiments/evaluate.py --backbone ace-turbo --method lora --slider energy --weights runs/sliders/ace_v2/energy.safetensors --out runs/eval/ace_v2/contrast_energy --scales -1.5 -1 -0.5 0 0.5 1 1.5 --seeds 3 --save-audio
v2_eval_electronic	python experiments/evaluate.py --backbone ace-turbo --method lora --slider electronic --weights runs/sliders/ace_v2/electronic.safetensors --out runs/eval/ace_v2/contrast_electronic --scales -1.5 -1 -0.5 0 0.5 1 1.5 --seeds 3 --save-audio
